r2_cid,r2_sid
"Delft3D   ","Continuity"
"Delft3D   ","ModTemp   "
"Delft3D   ","FrCon     "
"Delft3D   ","FrFlow    "
"Delft3D   ","SalBnd    "
"Delft3D   ","OXY       "
"Delft3D   ","Salinity  "
"Delft3D   ","Cl        "
"Delft3D   ","IM1       "
"Delft3D   ","IM2       "
"Delft3D   ","IM3       "
"Delft3D   ","Cd        "
"Delft3D   ","Cu        "
"Delft3D   ","Zn        "
"Delft3D   ","Cr        "
"Delft3D   ","Hg        "
"Delft3D   ","Pb        "
"Delft3D   ","As        "
"Delft3D   ","Va        "
"Delft3D   ","Ni        "
"Delft3D   ","Green     "
"Delft3D   ","Diat      "
"Delft3D   ","NO3       "
"Delft3D   ","NH4       "
"Delft3D   ","DetN      "
"Delft3D   ","PO4       "
"Delft3D   ","AAP       "
"Delft3D   ","DetP      "
"Delft3D   ","Si        "
"Delft3D   ","DetSi     "
"Delft3D   ","TColi     "
"Delft3D   ","EColi     "
"Delft3D   ","FColi     "
"Delft3D   ","EnCoc     "
"Delft3D   ","153       "
"Delft3D   ","ATR       "
"Delft3D   ","BaP       "
"Delft3D   ","Flu       "
"Delft3D   ","Mef       "
"Delft3D   ","Diu       "
"Delft3D   ","HCH       "
"Delft3D   ","HCB       "
"Delft3D   ","cTR1      "
"Delft3D   ","dTR1      "
"Delft3D   ","cTR2      "
"Delft3D   ","dTR2      "
"Delft3D   ","cTR3      "
"Delft3D   ","dTR3      "
"Delft3D   ","cTR4      "
"Delft3D   ","dTR4      "
"Delft3D   ","cTR5      "
"Delft3D   ","dTR5      "
"Delft3D   ","TIC       "
"Delft3D   ","H+        "
"Delft3D   ","H2O       "
"Delft3D   ","CBOD5     "
"Delft3D   ","CBOD5_2   "
"Delft3D   ","CBOD5_3   "
"Delft3D   ","CBODu     "
"Delft3D   ","CBODu_2   "
"Delft3D   ","COD_Cr    "
"Delft3D   ","COD_Mn    "
"Delft3D   ","NBOD5     "
"Delft3D   ","NBODu     "
"Delft3D   ","POC1      "
"Delft3D   ","POC2      "
"Delft3D   ","POC3      "
"Delft3D   ","POC4      "
"Delft3D   ","DOC       "
"Delft3D   ","PON1      "
"Delft3D   ","PON2      "
"Delft3D   ","PON3      "
"Delft3D   ","PON4      "
"Delft3D   ","DON       "
"Delft3D   ","POP1      "
"Delft3D   ","POP2      "
"Delft3D   ","POP3      "
"Delft3D   ","POP4      "
"Delft3D   ","DOP       "
"Delft3D   ","POS1      "
"Delft3D   ","POS2      "
"Delft3D   ","POS3      "
"Delft3D   ","POS4      "
"Delft3D   ","DOS       "
"Delft3D   ","Opal      "
"Delft3D   ","MPB1peli  "
"Delft3D   ","MPB2psam  "
"Delft3D   ","BLOOMALG01"
"Delft3D   ","BLOOMALG02"
"Delft3D   ","BLOOMALG03"
"Delft3D   ","BLOOMALG04"
"Delft3D   ","BLOOMALG05"
"Delft3D   ","BLOOMALG06"
"Delft3D   ","BLOOMALG07"
"Delft3D   ","BLOOMALG08"
"Delft3D   ","BLOOMALG09"
"Delft3D   ","BLOOMALG10"
"Delft3D   ","BLOOMALG11"
"Delft3D   ","BLOOMALG12"
"Delft3D   ","BLOOMALG13"
"Delft3D   ","BLOOMALG14"
"Delft3D   ","BLOOMALG15"
"Delft3D   ","BLOOMALG16"
"Delft3D   ","BLOOMALG17"
"Delft3D   ","BLOOMALG18"
"Delft3D   ","BLOOMALG19"
"Delft3D   ","BLOOMALG20"
"Delft3D   ","BLOOMALG21"
"Delft3D   ","BLOOMALG22"
"Delft3D   ","BLOOMALG23"
"Delft3D   ","BLOOMALG24"
"Delft3D   ","BLOOMALG25"
"Delft3D   ","BLOOMALG26"
"Delft3D   ","BLOOMALG27"
"Delft3D   ","BLOOMALG28"
"Delft3D   ","BLOOMALG29"
"Delft3D   ","BLOOMALG30"
"Delft3D   ","OMP       "
"Delft3D   ","SO4       "
"Delft3D   ","SUD       "
"Delft3D   ","SUP       "
"Delft3D   ","VIVP      "
"Delft3D   ","APATP     "
"Delft3D   ","CH4       "
"Delft3D   ","Alka      "
"Delft3D   ","FeIIIpa   "
"Delft3D   ","FeIIIpc   "
"Delft3D   ","FeIIId    "
"Delft3D   ","FeIId     "
"Delft3D   ","FeS       "
"Delft3D   ","FeS2      "
"Delft3D   ","FeCO3     "
"Delft3D   ","APHANFIX  "
"Delft3D   ","APHANIZO  "
"Delft3D   ","BLUEGRN   "
"Delft3D   ","DINOFLAG  "
"Delft3D   ","DINOMIX   "
"Delft3D   ","FDIATOMS  "
"Delft3D   ","FFLAGELA  "
"Delft3D   ","GREENS    "
"Delft3D   ","MDIATOMS  "
"Delft3D   ","MFLAGELA  "
"Delft3D   ","MICROCYS  "
"Delft3D   ","OSCILAT   "
"Delft3D   ","PHAEOCYS  "
"Delft3D   ","UlvaF     "
"Delft3D   ","UlvaS     "
"Delft3D   ","NODULA    "
"Delft3D   ","ANABAENA  "
"Delft3D   ","IM1S1     "
"Delft3D   ","IM2S1     "
"Delft3D   ","IM3S1     "
"Delft3D   ","OOCS1     "
"Delft3D   ","IM1S2     "
"Delft3D   ","IM2S2     "
"Delft3D   ","IM3S2     "
"Delft3D   ","OOCS2     "
"Delft3D   ","DetCS1    "
"Delft3D   ","DiatS1    "
"Delft3D   ","GreenS1   "
"Delft3D   ","AAPS1     "
"Delft3D   ","DetNS1    "
"Delft3D   ","DetPS1    "
"Delft3D   ","DetSiS1   "
"Delft3D   ","OONS1     "
"Delft3D   ","OOPS1     "
"Delft3D   ","OOSiS1    "
"Delft3D   ","MPB1peliS1"
"Delft3D   ","MPB2psamS1"
"Delft3D   ","DetCS2    "
"Delft3D   ","DiatS2    "
"Delft3D   ","GreenS2   "
"Delft3D   ","AAPS2     "
"Delft3D   ","DetNS2    "
"Delft3D   ","DetPS2    "
"Delft3D   ","DetSiS2   "
"Delft3D   ","OONS2     "
"Delft3D   ","OOPS2     "
"Delft3D   ","OOSiS2    "
"Delft3D   ","MPB1peliS2"
"Delft3D   ","MPB2psamS2"
"Delft3D   ","POC5      "
"Delft3D   ","PON5      "
"Delft3D   ","POP5      "
"Delft3D   ","POS5      "
"Delft3D   ","SOD       "
"Delft3D   ","Cd-Dis    "
"Delft3D   ","Cd-Par    "
"Delft3D   ","Cr-Dis    "
"Delft3D   ","Cr-Par    "
"Delft3D   ","Cu-Dis    "
"Delft3D   ","Cu-Par    "
"Delft3D   ","Hg-Dis    "
"Delft3D   ","Hg-Par    "
"Delft3D   ","Ni-Dis    "
"Delft3D   ","Ni-Par    "
"Delft3D   ","Pb-Dis    "
"Delft3D   ","Pb-Par    "
"Delft3D   ","As-Dis    "
"Delft3D   ","As-Par    "
"Delft3D   ","Va-Dis    "
"Delft3D   ","Va-Par    "
"Delft3D   ","Zn-Dis    "
"Delft3D   ","Zn-Par    "
"Delft3D   ","CdS1      "
"Delft3D   ","CdS1-Dis  "
"Delft3D   ","CdS1-Par  "
"Delft3D   ","CrS1      "
"Delft3D   ","CrS1-Dis  "
"Delft3D   ","CrS1-Par  "
"Delft3D   ","CuS1      "
"Delft3D   ","CuS1-Dis  "
"Delft3D   ","CuS1-Par  "
"Delft3D   ","HgS1      "
"Delft3D   ","HgS1-Dis  "
"Delft3D   ","HgS1-Par  "
"Delft3D   ","NiS1      "
"Delft3D   ","NiS1-Dis  "
"Delft3D   ","NiS1-Par  "
"Delft3D   ","PbS1      "
"Delft3D   ","PbS1-Dis  "
"Delft3D   ","PbS1-Par  "
"Delft3D   ","AsS1      "
"Delft3D   ","AsS1-Dis  "
"Delft3D   ","AsS1-Par  "
"Delft3D   ","VaS1      "
"Delft3D   ","VaS1-Dis  "
"Delft3D   ","VaS1-Par  "
"Delft3D   ","ZnS1      "
"Delft3D   ","ZnS1-Dis  "
"Delft3D   ","ZnS1-Par  "
"Delft3D   ","CdS2      "
"Delft3D   ","CdS2-Dis  "
"Delft3D   ","CdS2-Par  "
"Delft3D   ","CrS2      "
"Delft3D   ","CrS2-Dis  "
"Delft3D   ","CrS2-Par  "
"Delft3D   ","CuS2      "
"Delft3D   ","CuS2-Dis  "
"Delft3D   ","CuS2-Par  "
"Delft3D   ","HgS2      "
"Delft3D   ","HgS2-Dis  "
"Delft3D   ","HgS2-Par  "
"Delft3D   ","NiS2      "
"Delft3D   ","NiS2-Dis  "
"Delft3D   ","NiS2-Par  "
"Delft3D   ","PbS2      "
"Delft3D   ","PbS2-Dis  "
"Delft3D   ","PbS2-Par  "
"Delft3D   ","AsS2      "
"Delft3D   ","AsS2-Dis  "
"Delft3D   ","AsS2-Par  "
"Delft3D   ","VaS2      "
"Delft3D   ","VaS2-Dis  "
"Delft3D   ","VaS2-Par  "
"Delft3D   ","ZnS2      "
"Delft3D   ","ZnS2-Dis  "
"Delft3D   ","ZnS2-Par  "
"Delft3D   ","153S1     "
"Delft3D   ","153S1-Dis "
"Delft3D   ","153S1-Par "
"Delft3D   ","AtrS1     "
"Delft3D   ","AtrS1-Dis "
"Delft3D   ","AtrS1-Par "
"Delft3D   ","BaPS1     "
"Delft3D   ","BaPS1-Dis "
"Delft3D   ","BaPS1-Par "
"Delft3D   ","DiuS1     "
"Delft3D   ","DiuS1-Dis "
"Delft3D   ","DiuS1-Par "
"Delft3D   ","FluS1     "
"Delft3D   ","FluS1-Dis "
"Delft3D   ","FluS1-Par "
"Delft3D   ","HCBS1     "
"Delft3D   ","HCBS1-Dis "
"Delft3D   ","HCBS1-Par "
"Delft3D   ","HCHS1     "
"Delft3D   ","HCHS1-Dis "
"Delft3D   ","HCHS1-Par "
"Delft3D   ","MefS1     "
"Delft3D   ","MefS1-Dis "
"Delft3D   ","MefS1-Par "
"Delft3D   ","153S2     "
"Delft3D   ","153S2-Dis "
"Delft3D   ","153S2-Par "
"Delft3D   ","AtrS2     "
"Delft3D   ","AtrS2-Dis "
"Delft3D   ","AtrS2-Par "
"Delft3D   ","BaPS2     "
"Delft3D   ","BaPS2-Dis "
"Delft3D   ","BaPS2-Par "
"Delft3D   ","DiuS2     "
"Delft3D   ","DiuS2-Dis "
"Delft3D   ","DiuS2-Par "
"Delft3D   ","FluS2     "
"Delft3D   ","FluS2-Dis "
"Delft3D   ","FluS2-Par "
"Delft3D   ","HCBS2     "
"Delft3D   ","HCBS2-Dis "
"Delft3D   ","HCBS2-Par "
"Delft3D   ","HCHS2     "
"Delft3D   ","HCHS2-Dis "
"Delft3D   ","HCHS2-Par "
"Delft3D   ","MefS2     "
"Delft3D   ","MefS2-Dis "
"Delft3D   ","MefS2-Par "
"Delft3D   ","153-dis   "
"Delft3D   ","153-par   "
"Delft3D   ","Atr-dis   "
"Delft3D   ","Atr-par   "
"Delft3D   ","BaP-dis   "
"Delft3D   ","BaP-par   "
"Delft3D   ","Diu-dis   "
"Delft3D   ","Diu-par   "
"Delft3D   ","Flu-dis   "
"Delft3D   ","Flu-par   "
"Delft3D   ","HCB-dis   "
"Delft3D   ","HCB-par   "
"Delft3D   ","HCH-dis   "
"Delft3D   ","HCH-par   "
"Delft3D   ","Mef-dis   "
"Delft3D   ","Mef-par   "
"Delft3D   ","OMPS1     "
"Delft3D   ","OMPS1-Dis "
"Delft3D   ","OMPS1-Par "
"Delft3D   ","OMPS2     "
"Delft3D   ","OMPS2-Dis "
"Delft3D   ","OMPS2-Par "
"Delft3D   ","OMP-dis   "
"Delft3D   ","OMP-par   "
"Delft3D   ","VB01      "
"Delft3D   ","VB02      "
"Delft3D   ","VB03      "
"Delft3D   ","VB04      "
"Delft3D   ","VB05      "
"Delft3D   ","VB06      "
"Delft3D   ","VB07      "
"Delft3D   ","VB08      "
"Delft3D   ","VB09      "
"Delft3D   ","CYLINFIX  "
"Delft3D   ","ARTHROSP  "
"Delft3D   ","PLANKTOL  "
"Delft3D   ","PSEUDOAN  "
"Delft3D   ","EM01      "
"Delft3D   ","EM02      "
"Delft3D   ","EM03      "
"Delft3D   ","EM04      "
"Delft3D   ","EM05      "
"Delft3D   ","SM01      "
"Delft3D   ","SM02      "
"Delft3D   ","SM03      "
"Delft3D   ","SM04      "
"Delft3D   ","SM05      "
"Delft3D   ","RH01      "
"Delft3D   ","NRH01     "
"Delft3D   ","PRH01     "
"Delft3D   ","RH02      "
"Delft3D   ","NRH02     "
"Delft3D   ","PRH02     "
"Delft3D   ","RH03      "
"Delft3D   ","NRH03     "
"Delft3D   ","PRH03     "
"Delft3D   ","RH04      "
"Delft3D   ","NRH04     "
"Delft3D   ","PRH04     "
"Delft3D   ","RH05      "
"Delft3D   ","NRH05     "
"Delft3D   ","PRH05     "
"Delft3D   ","Mussel_V  "
"Delft3D   ","Mussel_E  "
"Delft3D   ","Mussel_R  "
"Delft3D   ","Mussel_N  "
"Delft3D   ","Zoopl_V   "
"Delft3D   ","Zoopl_E   "
"Delft3D   ","Zoopl_R   "
"Delft3D   ","Zoopl_N   "
"Delft3D   ","Grazer3_V "
"Delft3D   ","Grazer3_E "
"Delft3D   ","Grazer3_R "
"Delft3D   ","Grazer3_N "
"Delft3D   ","Grazer4_V "
"Delft3D   ","Grazer4_E "
"Delft3D   ","Grazer4_R "
"Delft3D   ","Grazer4_N "
"Delft3D   ","Grazer5_V "
"Delft3D   ","Grazer5_E "
"Delft3D   ","Grazer5_R "
"Delft3D   ","Grazer5_N "
"Delft3D   ","Cascade1  "
"Delft3D   ","Cascade2  "
"Delft3D   ","Cascade3  "
"Delft3D   ","Cascade4  "
"Delft3D   ","Cascade5  "
"Delft3D   ","EffTFDIAT "
"Delft3D   ","EffTFFLAE "
"Delft3D   ","EffTGREEN "
"Delft3D   ","EffTAPHAN "
"Delft3D   ","EffTAPHNF "
"Delft3D   ","EffTMICRO "
"Delft3D   ","EffTOSCIL "
"Delft3D   ","EffTBLUEG "
"Delft3D   ","EffTMDIAT "
"Delft3D   ","EffTMFLAE "
"Delft3D   ","EffTDINOF "
"Delft3D   ","EffTDINOM "
"Delft3D   ","EffTPHAEO "
"Delft3D   ","EffTULVAS "
"Delft3D   ","EffTULVAF "
"Delft3D   ","EffTNODUL "
"Delft3D   ","EffTANABA "
"Delft3D   ","EffTALG01 "
"Delft3D   ","EffTALG02 "
"Delft3D   ","EffTALG03 "
"Delft3D   ","EffTALG04 "
"Delft3D   ","EffTALG05 "
"Delft3D   ","EffTALG06 "
"Delft3D   ","EffTALG07 "
"Delft3D   ","EffTALG08 "
"Delft3D   ","EffTALG09 "
"Delft3D   ","EffTALG10 "
"Delft3D   ","EffTALG11 "
"Delft3D   ","EffTALG12 "
"Delft3D   ","EffTALG13 "
"Delft3D   ","EffTALG14 "
"Delft3D   ","EffTALG15 "
"Delft3D   ","EffTALG16 "
"Delft3D   ","EffTALG17 "
"Delft3D   ","EffTALG18 "
"Delft3D   ","EffTALG19 "
"Delft3D   ","EffTALG20 "
"Delft3D   ","EffTALG21 "
"Delft3D   ","EffTALG22 "
"Delft3D   ","EffTALG23 "
"Delft3D   ","EffTALG24 "
"Delft3D   ","EffTALG25 "
"Delft3D   ","EffTALG26 "
"Delft3D   ","EffTALG27 "
"Delft3D   ","EffTALG28 "
"Delft3D   ","EffTALG29 "
"Delft3D   ","EffTALG30 "
"Delft3D   ","S1_PC1    "
"Delft3D   ","S1_PC2    "
"Delft3D   ","S1_PC3    "
"Delft3D   ","S1_PC4    "
"Delft3D   ","S1_PN1    "
"Delft3D   ","S1_PN2    "
"Delft3D   ","S1_PN3    "
"Delft3D   ","S1_PN4    "
"Delft3D   ","S1_PP1    "
"Delft3D   ","S1_PP2    "
"Delft3D   ","S1_PP3    "
"Delft3D   ","S1_PP4    "
"Delft3D   ","S1_PS1    "
"Delft3D   ","S1_PS2    "
"Delft3D   ","S1_PS3    "
"Delft3D   ","S1_PS4    "
"Delft3D   ","S1_FeIId  "
"Delft3D   ","S1_FeIIIpa"
"Delft3D   ","S1_POC1   "
"Delft3D   ","S1_POC2   "
"Delft3D   ","S1_POC3   "
"Delft3D   ","S1_POC4   "
"Delft3D   ","S1_PON1   "
"Delft3D   ","S1_PON2   "
"Delft3D   ","S1_PON3   "
"Delft3D   ","S1_PON4   "
"Delft3D   ","S1_POP1   "
"Delft3D   ","S1_POP2   "
"Delft3D   ","S1_POP3   "
"Delft3D   ","S1_POP4   "
"Delft3D   ","S1_POS1   "
"Delft3D   ","S1_POS2   "
"Delft3D   ","S1_POS3   "
"Delft3D   ","S1_POS4   "
"Delft3D   ","ncmSi_2   "
"Delft3D   ","OONS3     "
"Delft3D   ","OOPS3     "
"Delft3D   ","WaterAge  "
"Sobek     ","Continuity"
"Sobek     ","ModTemp   "
"Sobek     ","FrCon     "
"Sobek     ","FrFlow    "
"Sobek     ","SalBnd    "
"Sobek     ","OXY       "
"Sobek     ","Salinity  "
"Sobek     ","Cl        "
"Sobek     ","IM1       "
"Sobek     ","IM2       "
"Sobek     ","IM3       "
"Sobek     ","Cd        "
"Sobek     ","Cu        "
"Sobek     ","Zn        "
"Sobek     ","Cr        "
"Sobek     ","Hg        "
"Sobek     ","Pb        "
"Sobek     ","As        "
"Sobek     ","Va        "
"Sobek     ","Ni        "
"Sobek     ","Green     "
"Sobek     ","Diat      "
"Sobek     ","NO3       "
"Sobek     ","NH4       "
"Sobek     ","DetN      "
"Sobek     ","PO4       "
"Sobek     ","AAP       "
"Sobek     ","DetP      "
"Sobek     ","Si        "
"Sobek     ","DetSi     "
"Sobek     ","TColi     "
"Sobek     ","EColi     "
"Sobek     ","FColi     "
"Sobek     ","EnCoc     "
"Sobek     ","153       "
"Sobek     ","ATR       "
"Sobek     ","BaP       "
"Sobek     ","Flu       "
"Sobek     ","Mef       "
"Sobek     ","Diu       "
"Sobek     ","HCH       "
"Sobek     ","HCB       "
"Sobek     ","cTR1      "
"Sobek     ","dTR1      "
"Sobek     ","cTR2      "
"Sobek     ","dTR2      "
"Sobek     ","cTR3      "
"Sobek     ","dTR3      "
"Sobek     ","cTR4      "
"Sobek     ","dTR4      "
"Sobek     ","cTR5      "
"Sobek     ","dTR5      "
"Sobek     ","TIC       "
"Sobek     ","CBOD5     "
"Sobek     ","CBOD5_2   "
"Sobek     ","CBOD5_3   "
"Sobek     ","CBODu     "
"Sobek     ","CBODu_2   "
"Sobek     ","COD_Cr    "
"Sobek     ","COD_Mn    "
"Sobek     ","NBOD5     "
"Sobek     ","NBODu     "
"Sobek     ","POC1      "
"Sobek     ","POC2      "
"Sobek     ","POC3      "
"Sobek     ","POC4      "
"Sobek     ","DOC       "
"Sobek     ","PON1      "
"Sobek     ","PON2      "
"Sobek     ","PON3      "
"Sobek     ","PON4      "
"Sobek     ","DON       "
"Sobek     ","POP1      "
"Sobek     ","POP2      "
"Sobek     ","POP3      "
"Sobek     ","POP4      "
"Sobek     ","DOP       "
"Sobek     ","POS1      "
"Sobek     ","POS2      "
"Sobek     ","POS3      "
"Sobek     ","POS4      "
"Sobek     ","DOS       "
"Sobek     ","Opal      "
"Sobek     ","MPB1peli  "
"Sobek     ","MPB2psam  "
"Sobek     ","BLOOMALG01"
"Sobek     ","BLOOMALG02"
"Sobek     ","BLOOMALG03"
"Sobek     ","BLOOMALG04"
"Sobek     ","BLOOMALG05"
"Sobek     ","BLOOMALG06"
"Sobek     ","BLOOMALG07"
"Sobek     ","BLOOMALG08"
"Sobek     ","BLOOMALG09"
"Sobek     ","BLOOMALG10"
"Sobek     ","BLOOMALG11"
"Sobek     ","BLOOMALG12"
"Sobek     ","BLOOMALG13"
"Sobek     ","BLOOMALG14"
"Sobek     ","BLOOMALG15"
"Sobek     ","BLOOMALG16"
"Sobek     ","BLOOMALG17"
"Sobek     ","BLOOMALG18"
"Sobek     ","BLOOMALG19"
"Sobek     ","BLOOMALG20"
"Sobek     ","BLOOMALG21"
"Sobek     ","BLOOMALG22"
"Sobek     ","BLOOMALG23"
"Sobek     ","BLOOMALG24"
"Sobek     ","BLOOMALG25"
"Sobek     ","BLOOMALG26"
"Sobek     ","BLOOMALG27"
"Sobek     ","BLOOMALG28"
"Sobek     ","BLOOMALG29"
"Sobek     ","BLOOMALG30"
"Sobek     ","OMP       "
"Sobek     ","SO4       "
"Sobek     ","SUD       "
"Sobek     ","SUP       "
"Sobek     ","VIVP      "
"Sobek     ","APATP     "
"Sobek     ","CH4       "
"Sobek     ","Alka      "
"Sobek     ","FeIIIpa   "
"Sobek     ","FeIIIpc   "
"Sobek     ","FeIIId    "
"Sobek     ","FeIId     "
"Sobek     ","FeS       "
"Sobek     ","FeS2      "
"Sobek     ","FeCO3     "
"Sobek     ","APHANFIX  "
"Sobek     ","APHANIZO  "
"Sobek     ","BLUEGRN   "
"Sobek     ","DINOFLAG  "
"Sobek     ","DINOMIX   "
"Sobek     ","FDIATOMS  "
"Sobek     ","FFLAGELA  "
"Sobek     ","GREENS    "
"Sobek     ","MDIATOMS  "
"Sobek     ","MFLAGELA  "
"Sobek     ","MICROCYS  "
"Sobek     ","OSCILAT   "
"Sobek     ","PHAEOCYS  "
"Sobek     ","UlvaF     "
"Sobek     ","UlvaS     "
"Sobek     ","NODULA    "
"Sobek     ","ANABAENA  "
"Sobek     ","IM1S1     "
"Sobek     ","IM2S1     "
"Sobek     ","IM3S1     "
"Sobek     ","OOCS1     "
"Sobek     ","IM1S2     "
"Sobek     ","IM2S2     "
"Sobek     ","IM3S2     "
"Sobek     ","OOCS2     "
"Sobek     ","DetCS1    "
"Sobek     ","DiatS1    "
"Sobek     ","GreenS1   "
"Sobek     ","AAPS1     "
"Sobek     ","DetNS1    "
"Sobek     ","DetPS1    "
"Sobek     ","DetSiS1   "
"Sobek     ","OONS1     "
"Sobek     ","OOPS1     "
"Sobek     ","OOSiS1    "
"Sobek     ","MPB1peliS1"
"Sobek     ","MPB2psamS1"
"Sobek     ","DetCS2    "
"Sobek     ","DiatS2    "
"Sobek     ","GreenS2   "
"Sobek     ","AAPS2     "
"Sobek     ","DetNS2    "
"Sobek     ","DetPS2    "
"Sobek     ","DetSiS2   "
"Sobek     ","OONS2     "
"Sobek     ","OOPS2     "
"Sobek     ","OOSiS2    "
"Sobek     ","MPB1peliS2"
"Sobek     ","MPB2psamS2"
"Sobek     ","POC5      "
"Sobek     ","PON5      "
"Sobek     ","POP5      "
"Sobek     ","POS5      "
"Sobek     ","SOD       "
"Sobek     ","Cd-Dis    "
"Sobek     ","Cd-Par    "
"Sobek     ","Cr-Dis    "
"Sobek     ","Cr-Par    "
"Sobek     ","Cu-Dis    "
"Sobek     ","Cu-Par    "
"Sobek     ","Hg-Dis    "
"Sobek     ","Hg-Par    "
"Sobek     ","Ni-Dis    "
"Sobek     ","Ni-Par    "
"Sobek     ","Pb-Dis    "
"Sobek     ","Pb-Par    "
"Sobek     ","As-Dis    "
"Sobek     ","As-Par    "
"Sobek     ","Va-Dis    "
"Sobek     ","Va-Par    "
"Sobek     ","Zn-Dis    "
"Sobek     ","Zn-Par    "
"Sobek     ","CdS1      "
"Sobek     ","CdS1-Dis  "
"Sobek     ","CdS1-Par  "
"Sobek     ","CrS1      "
"Sobek     ","CrS1-Dis  "
"Sobek     ","CrS1-Par  "
"Sobek     ","CuS1      "
"Sobek     ","CuS1-Dis  "
"Sobek     ","CuS1-Par  "
"Sobek     ","HgS1      "
"Sobek     ","HgS1-Dis  "
"Sobek     ","HgS1-Par  "
"Sobek     ","NiS1      "
"Sobek     ","NiS1-Dis  "
"Sobek     ","NiS1-Par  "
"Sobek     ","PbS1      "
"Sobek     ","PbS1-Dis  "
"Sobek     ","PbS1-Par  "
"Sobek     ","AsS1      "
"Sobek     ","AsS1-Dis  "
"Sobek     ","AsS1-Par  "
"Sobek     ","VaS1      "
"Sobek     ","VaS1-Dis  "
"Sobek     ","VaS1-Par  "
"Sobek     ","ZnS1      "
"Sobek     ","ZnS1-Dis  "
"Sobek     ","ZnS1-Par  "
"Sobek     ","CdS2      "
"Sobek     ","CdS2-Dis  "
"Sobek     ","CdS2-Par  "
"Sobek     ","CrS2      "
"Sobek     ","CrS2-Dis  "
"Sobek     ","CrS2-Par  "
"Sobek     ","CuS2      "
"Sobek     ","CuS2-Dis  "
"Sobek     ","CuS2-Par  "
"Sobek     ","HgS2      "
"Sobek     ","HgS2-Dis  "
"Sobek     ","HgS2-Par  "
"Sobek     ","NiS2      "
"Sobek     ","NiS2-Dis  "
"Sobek     ","NiS2-Par  "
"Sobek     ","PbS2      "
"Sobek     ","PbS2-Dis  "
"Sobek     ","PbS2-Par  "
"Sobek     ","AsS2      "
"Sobek     ","AsS2-Dis  "
"Sobek     ","AsS2-Par  "
"Sobek     ","VaS2      "
"Sobek     ","VaS2-Dis  "
"Sobek     ","VaS2-Par  "
"Sobek     ","ZnS2      "
"Sobek     ","ZnS2-Dis  "
"Sobek     ","ZnS2-Par  "
"Sobek     ","153S1     "
"Sobek     ","153S1-Dis "
"Sobek     ","153S1-Par "
"Sobek     ","AtrS1     "
"Sobek     ","AtrS1-Dis "
"Sobek     ","AtrS1-Par "
"Sobek     ","BaPS1     "
"Sobek     ","BaPS1-Dis "
"Sobek     ","BaPS1-Par "
"Sobek     ","DiuS1     "
"Sobek     ","DiuS1-Dis "
"Sobek     ","DiuS1-Par "
"Sobek     ","FluS1     "
"Sobek     ","FluS1-Dis "
"Sobek     ","FluS1-Par "
"Sobek     ","HCBS1     "
"Sobek     ","HCBS1-Dis "
"Sobek     ","HCBS1-Par "
"Sobek     ","HCHS1     "
"Sobek     ","HCHS1-Dis "
"Sobek     ","HCHS1-Par "
"Sobek     ","MefS1     "
"Sobek     ","MefS1-Dis "
"Sobek     ","MefS1-Par "
"Sobek     ","153S2     "
"Sobek     ","153S2-Dis "
"Sobek     ","153S2-Par "
"Sobek     ","AtrS2     "
"Sobek     ","AtrS2-Dis "
"Sobek     ","AtrS2-Par "
"Sobek     ","BaPS2     "
"Sobek     ","BaPS2-Dis "
"Sobek     ","BaPS2-Par "
"Sobek     ","DiuS2     "
"Sobek     ","DiuS2-Dis "
"Sobek     ","DiuS2-Par "
"Sobek     ","FluS2     "
"Sobek     ","FluS2-Dis "
"Sobek     ","FluS2-Par "
"Sobek     ","HCBS2     "
"Sobek     ","HCBS2-Dis "
"Sobek     ","HCBS2-Par "
"Sobek     ","HCHS2     "
"Sobek     ","HCHS2-Dis "
"Sobek     ","HCHS2-Par "
"Sobek     ","MefS2     "
"Sobek     ","MefS2-Dis "
"Sobek     ","MefS2-Par "
"Sobek     ","153-dis   "
"Sobek     ","153-par   "
"Sobek     ","Atr-dis   "
"Sobek     ","Atr-par   "
"Sobek     ","BaP-dis   "
"Sobek     ","BaP-par   "
"Sobek     ","Diu-dis   "
"Sobek     ","Diu-par   "
"Sobek     ","Flu-dis   "
"Sobek     ","Flu-par   "
"Sobek     ","HCB-dis   "
"Sobek     ","HCB-par   "
"Sobek     ","HCH-dis   "
"Sobek     ","HCH-par   "
"Sobek     ","Mef-dis   "
"Sobek     ","Mef-par   "
"Sobek     ","OMPS1     "
"Sobek     ","OMPS1-Dis "
"Sobek     ","OMPS1-Par "
"Sobek     ","OMPS2     "
"Sobek     ","OMPS2-Dis "
"Sobek     ","OMPS2-Par "
"Sobek     ","OMP-dis   "
"Sobek     ","OMP-par   "
"Sobek     ","VB01      "
"Sobek     ","VB02      "
"Sobek     ","VB03      "
"Sobek     ","VB04      "
"Sobek     ","VB05      "
"Sobek     ","VB06      "
"Sobek     ","VB07      "
"Sobek     ","VB08      "
"Sobek     ","VB09      "
"Sobek     ","CYLINFIX  "
"Sobek     ","ARTHROSP  "
"Sobek     ","PLANKTOL  "
"Sobek     ","PSEUDOAN  "
"Sobek     ","EM01      "
"Sobek     ","EM02      "
"Sobek     ","EM03      "
"Sobek     ","EM04      "
"Sobek     ","EM05      "
"Sobek     ","SM01      "
"Sobek     ","SM02      "
"Sobek     ","SM03      "
"Sobek     ","SM04      "
"Sobek     ","SM05      "
"Sobek     ","RH01      "
"Sobek     ","NRH01     "
"Sobek     ","PRH01     "
"Sobek     ","RH02      "
"Sobek     ","NRH02     "
"Sobek     ","PRH02     "
"Sobek     ","RH03      "
"Sobek     ","NRH03     "
"Sobek     ","PRH03     "
"Sobek     ","RH04      "
"Sobek     ","NRH04     "
"Sobek     ","PRH04     "
"Sobek     ","RH05      "
"Sobek     ","NRH05     "
"Sobek     ","PRH05     "
"Sobek     ","Mussel_V  "
"Sobek     ","Mussel_E  "
"Sobek     ","Mussel_R  "
"Sobek     ","Mussel_N  "
"Sobek     ","Zoopl_V   "
"Sobek     ","Zoopl_E   "
"Sobek     ","Zoopl_R   "
"Sobek     ","Zoopl_N   "
"Sobek     ","Grazer3_V "
"Sobek     ","Grazer3_E "
"Sobek     ","Grazer3_R "
"Sobek     ","Grazer3_N "
"Sobek     ","Grazer4_V "
"Sobek     ","Grazer4_E "
"Sobek     ","Grazer4_R "
"Sobek     ","Grazer4_N "
"Sobek     ","Grazer5_V "
"Sobek     ","Grazer5_E "
"Sobek     ","Grazer5_R "
"Sobek     ","Grazer5_N "
"Sobek     ","Cascade1  "
"Sobek     ","Cascade2  "
"Sobek     ","Cascade3  "
"Sobek     ","Cascade4  "
"Sobek     ","Cascade5  "
"Sobek     ","S1_PC1    "
"Sobek     ","S1_PC2    "
"Sobek     ","S1_PC3    "
"Sobek     ","S1_PC4    "
"Sobek     ","S1_PN1    "
"Sobek     ","S1_PN2    "
"Sobek     ","S1_PN3    "
"Sobek     ","S1_PN4    "
"Sobek     ","S1_PP1    "
"Sobek     ","S1_PP2    "
"Sobek     ","S1_PP3    "
"Sobek     ","S1_PP4    "
"Sobek     ","S1_PS1    "
"Sobek     ","S1_PS2    "
"Sobek     ","S1_PS3    "
"Sobek     ","S1_PS4    "
"Sobek     ","S1_FeIId  "
"Sobek     ","S1_FeIIIpa"
"Sobek     ","S1_POC1   "
"Sobek     ","S1_POC2   "
"Sobek     ","S1_POC3   "
"Sobek     ","S1_POC4   "
"Sobek     ","S1_PON1   "
"Sobek     ","S1_PON2   "
"Sobek     ","S1_PON3   "
"Sobek     ","S1_PON4   "
"Sobek     ","S1_POP1   "
"Sobek     ","S1_POP2   "
"Sobek     ","S1_POP3   "
"Sobek     ","S1_POP4   "
"Sobek     ","S1_POS1   "
"Sobek     ","S1_POS2   "
"Sobek     ","S1_POS3   "
"Sobek     ","S1_POS4   "
"Sobek     ","ncmSi_2   "
"Sobek     ","OONS3     "
"Sobek     ","OOPS3     "
"Sobek     ","WaterAge  "
"ECO       ","Continuity"
"ECO       ","ModTemp   "
"ECO       ","FrCon     "
"ECO       ","FrFlow    "
"ECO       ","SalBnd    "
"ECO       ","OXY       "
"ECO       ","Salinity  "
"ECO       ","Cl        "
"ECO       ","IM1       "
"ECO       ","IM2       "
"ECO       ","IM3       "
"ECO       ","Cd        "
"ECO       ","Cu        "
"ECO       ","Zn        "
"ECO       ","Cr        "
"ECO       ","Hg        "
"ECO       ","Pb        "
"ECO       ","As        "
"ECO       ","Va        "
"ECO       ","Ni        "
"ECO       ","NO3       "
"ECO       ","NH4       "
"ECO       ","DetN      "
"ECO       ","PO4       "
"ECO       ","AAP       "
"ECO       ","DetP      "
"ECO       ","Si        "
"ECO       ","DetSi     "
"ECO       ","TColi     "
"ECO       ","EColi     "
"ECO       ","FColi     "
"ECO       ","EnCoc     "
"ECO       ","153       "
"ECO       ","ATR       "
"ECO       ","BaP       "
"ECO       ","Flu       "
"ECO       ","Mef       "
"ECO       ","Diu       "
"ECO       ","HCH       "
"ECO       ","HCB       "
"ECO       ","cTR1      "
"ECO       ","dTR1      "
"ECO       ","cTR2      "
"ECO       ","dTR2      "
"ECO       ","cTR3      "
"ECO       ","dTR3      "
"ECO       ","cTR4      "
"ECO       ","dTR4      "
"ECO       ","cTR5      "
"ECO       ","dTR5      "
"ECO       ","TIC       "
"ECO       ","CBOD5     "
"ECO       ","CBOD5_2   "
"ECO       ","CBOD5_3   "
"ECO       ","CBODu     "
"ECO       ","CBODu_2   "
"ECO       ","COD_Cr    "
"ECO       ","COD_Mn    "
"ECO       ","NBOD5     "
"ECO       ","NBODu     "
"ECO       ","POC1      "
"ECO       ","POC2      "
"ECO       ","POC3      "
"ECO       ","POC4      "
"ECO       ","DOC       "
"ECO       ","PON1      "
"ECO       ","PON2      "
"ECO       ","PON3      "
"ECO       ","PON4      "
"ECO       ","DON       "
"ECO       ","POP1      "
"ECO       ","POP2      "
"ECO       ","POP3      "
"ECO       ","POP4      "
"ECO       ","DOP       "
"ECO       ","POS1      "
"ECO       ","POS2      "
"ECO       ","POS3      "
"ECO       ","POS4      "
"ECO       ","DOS       "
"ECO       ","Opal      "
"ECO       ","OMP       "
"ECO       ","SO4       "
"ECO       ","SUD       "
"ECO       ","SUP       "
"ECO       ","VIVP      "
"ECO       ","APATP     "
"ECO       ","CH4       "
"ECO       ","Alka      "
"ECO       ","FeIIIpa   "
"ECO       ","FeIIIpc   "
"ECO       ","FeIIId    "
"ECO       ","FeIId     "
"ECO       ","FeS       "
"ECO       ","FeS2      "
"ECO       ","FeCO3     "
"ECO       ","APHANFIX  "
"ECO       ","APHANIZO  "
"ECO       ","BLUEGRN   "
"ECO       ","DINOFLAG  "
"ECO       ","DINOMIX   "
"ECO       ","FDIATOMS  "
"ECO       ","FFLAGELA  "
"ECO       ","GREENS    "
"ECO       ","MDIATOMS  "
"ECO       ","MFLAGELA  "
"ECO       ","MICROCYS  "
"ECO       ","OSCILAT   "
"ECO       ","PHAEOCYS  "
"ECO       ","UlvaF     "
"ECO       ","UlvaS     "
"ECO       ","NODULA    "
"ECO       ","ANABAENA  "
"ECO       ","IM1S1     "
"ECO       ","IM2S1     "
"ECO       ","IM3S1     "
"ECO       ","OOCS1     "
"ECO       ","IM1S2     "
"ECO       ","IM2S2     "
"ECO       ","IM3S2     "
"ECO       ","OOCS2     "
"ECO       ","DetCS1    "
"ECO       ","AAPS1     "
"ECO       ","DetNS1    "
"ECO       ","DetPS1    "
"ECO       ","DetSiS1   "
"ECO       ","OONS1     "
"ECO       ","OOPS1     "
"ECO       ","OOSiS1    "
"ECO       ","DetCS2    "
"ECO       ","AAPS2     "
"ECO       ","DetNS2    "
"ECO       ","DetPS2    "
"ECO       ","DetSiS2   "
"ECO       ","OONS2     "
"ECO       ","OOPS2     "
"ECO       ","OOSiS2    "
"ECO       ","POC5      "
"ECO       ","PON5      "
"ECO       ","POP5      "
"ECO       ","POS5      "
"ECO       ","SOD       "
"ECO       ","Cd-Dis    "
"ECO       ","Cd-Par    "
"ECO       ","Cr-Dis    "
"ECO       ","Cr-Par    "
"ECO       ","Cu-Dis    "
"ECO       ","Cu-Par    "
"ECO       ","Hg-Dis    "
"ECO       ","Hg-Par    "
"ECO       ","Ni-Dis    "
"ECO       ","Ni-Par    "
"ECO       ","Pb-Dis    "
"ECO       ","Pb-Par    "
"ECO       ","As-Dis    "
"ECO       ","As-Par    "
"ECO       ","Va-Dis    "
"ECO       ","Va-Par    "
"ECO       ","Zn-Dis    "
"ECO       ","Zn-Par    "
"ECO       ","CdS1      "
"ECO       ","CdS1-Dis  "
"ECO       ","CdS1-Par  "
"ECO       ","CrS1      "
"ECO       ","CrS1-Dis  "
"ECO       ","CrS1-Par  "
"ECO       ","CuS1      "
"ECO       ","CuS1-Dis  "
"ECO       ","CuS1-Par  "
"ECO       ","HgS1      "
"ECO       ","HgS1-Dis  "
"ECO       ","HgS1-Par  "
"ECO       ","NiS1      "
"ECO       ","NiS1-Dis  "
"ECO       ","NiS1-Par  "
"ECO       ","PbS1      "
"ECO       ","PbS1-Dis  "
"ECO       ","PbS1-Par  "
"ECO       ","AsS1      "
"ECO       ","AsS1-Dis  "
"ECO       ","AsS1-Par  "
"ECO       ","VaS1      "
"ECO       ","VaS1-Dis  "
"ECO       ","VaS1-Par  "
"ECO       ","ZnS1      "
"ECO       ","ZnS1-Dis  "
"ECO       ","ZnS1-Par  "
"ECO       ","CdS2      "
"ECO       ","CdS2-Dis  "
"ECO       ","CdS2-Par  "
"ECO       ","CrS2      "
"ECO       ","CrS2-Dis  "
"ECO       ","CrS2-Par  "
"ECO       ","CuS2      "
"ECO       ","CuS2-Dis  "
"ECO       ","CuS2-Par  "
"ECO       ","HgS2      "
"ECO       ","HgS2-Dis  "
"ECO       ","HgS2-Par  "
"ECO       ","NiS2      "
"ECO       ","NiS2-Dis  "
"ECO       ","NiS2-Par  "
"ECO       ","PbS2      "
"ECO       ","PbS2-Dis  "
"ECO       ","PbS2-Par  "
"ECO       ","AsS2      "
"ECO       ","AsS2-Dis  "
"ECO       ","AsS2-Par  "
"ECO       ","VaS2      "
"ECO       ","VaS2-Dis  "
"ECO       ","VaS2-Par  "
"ECO       ","ZnS2      "
"ECO       ","ZnS2-Dis  "
"ECO       ","ZnS2-Par  "
"ECO       ","153S1     "
"ECO       ","153S1-Dis "
"ECO       ","153S1-Par "
"ECO       ","AtrS1     "
"ECO       ","AtrS1-Dis "
"ECO       ","AtrS1-Par "
"ECO       ","BaPS1     "
"ECO       ","BaPS1-Dis "
"ECO       ","BaPS1-Par "
"ECO       ","DiuS1     "
"ECO       ","DiuS1-Dis "
"ECO       ","DiuS1-Par "
"ECO       ","FluS1     "
"ECO       ","FluS1-Dis "
"ECO       ","FluS1-Par "
"ECO       ","HCBS1     "
"ECO       ","HCBS1-Dis "
"ECO       ","HCBS1-Par "
"ECO       ","HCHS1     "
"ECO       ","HCHS1-Dis "
"ECO       ","HCHS1-Par "
"ECO       ","MefS1     "
"ECO       ","MefS1-Dis "
"ECO       ","MefS1-Par "
"ECO       ","153S2     "
"ECO       ","153S2-Dis "
"ECO       ","153S2-Par "
"ECO       ","AtrS2     "
"ECO       ","AtrS2-Dis "
"ECO       ","AtrS2-Par "
"ECO       ","BaPS2     "
"ECO       ","BaPS2-Dis "
"ECO       ","BaPS2-Par "
"ECO       ","DiuS2     "
"ECO       ","DiuS2-Dis "
"ECO       ","DiuS2-Par "
"ECO       ","FluS2     "
"ECO       ","FluS2-Dis "
"ECO       ","FluS2-Par "
"ECO       ","HCBS2     "
"ECO       ","HCBS2-Dis "
"ECO       ","HCBS2-Par "
"ECO       ","HCHS2     "
"ECO       ","HCHS2-Dis "
"ECO       ","HCHS2-Par "
"ECO       ","MefS2     "
"ECO       ","MefS2-Dis "
"ECO       ","MefS2-Par "
"ECO       ","153-dis   "
"ECO       ","153-par   "
"ECO       ","Atr-dis   "
"ECO       ","Atr-par   "
"ECO       ","BaP-dis   "
"ECO       ","BaP-par   "
"ECO       ","Diu-dis   "
"ECO       ","Diu-par   "
"ECO       ","Flu-dis   "
"ECO       ","Flu-par   "
"ECO       ","HCB-dis   "
"ECO       ","HCB-par   "
"ECO       ","HCH-dis   "
"ECO       ","HCH-par   "
"ECO       ","Mef-dis   "
"ECO       ","Mef-par   "
"ECO       ","OMPS1     "
"ECO       ","OMPS1-Dis "
"ECO       ","OMPS1-Par "
"ECO       ","OMPS2     "
"ECO       ","OMPS2-Dis "
"ECO       ","OMPS2-Par "
"ECO       ","OMP-dis   "
"ECO       ","OMP-par   "
"ECO       ","VB01      "
"ECO       ","VB02      "
"ECO       ","VB03      "
"ECO       ","VB04      "
"ECO       ","VB05      "
"ECO       ","VB06      "
"ECO       ","VB07      "
"ECO       ","VB08      "
"ECO       ","VB09      "
"ECO       ","CYLINFIX  "
"ECO       ","ARTHROSP  "
"ECO       ","PLANKTOL  "
"ECO       ","PSEUDOAN  "
"ECO       ","EM01      "
"ECO       ","EM02      "
"ECO       ","EM03      "
"ECO       ","EM04      "
"ECO       ","EM05      "
"ECO       ","SM01      "
"ECO       ","SM02      "
"ECO       ","SM03      "
"ECO       ","SM04      "
"ECO       ","SM05      "
"ECO       ","RH01      "
"ECO       ","NRH01     "
"ECO       ","PRH01     "
"ECO       ","RH02      "
"ECO       ","NRH02     "
"ECO       ","PRH02     "
"ECO       ","RH03      "
"ECO       ","NRH03     "
"ECO       ","PRH03     "
"ECO       ","RH04      "
"ECO       ","NRH04     "
"ECO       ","PRH04     "
"ECO       ","RH05      "
"ECO       ","NRH05     "
"ECO       ","PRH05     "
"ECO       ","Mussel_V  "
"ECO       ","Mussel_E  "
"ECO       ","Mussel_R  "
"ECO       ","Mussel_N  "
"ECO       ","Zoopl_V   "
"ECO       ","Zoopl_E   "
"ECO       ","Zoopl_R   "
"ECO       ","Zoopl_N   "
"ECO       ","Grazer3_V "
"ECO       ","Grazer3_E "
"ECO       ","Grazer3_R "
"ECO       ","Grazer3_N "
"ECO       ","Grazer4_V "
"ECO       ","Grazer4_E "
"ECO       ","Grazer4_R "
"ECO       ","Grazer4_N "
"ECO       ","Grazer5_V "
"ECO       ","Grazer5_E "
"ECO       ","Grazer5_R "
"ECO       ","Grazer5_N "
"ECO       ","Cascade1  "
"ECO       ","Cascade2  "
"ECO       ","Cascade3  "
"ECO       ","Cascade4  "
"ECO       ","Cascade5  "
"ECO       ","EffTFDIAT "
"ECO       ","EffTFFLAE "
"ECO       ","EffTGREEN "
"ECO       ","EffTAPHAN "
"ECO       ","EffTAPHNF "
"ECO       ","EffTMICRO "
"ECO       ","EffTOSCIL "
"ECO       ","EffTBLUEG "
"ECO       ","EffTMDIAT "
"ECO       ","EffTMFLAE "
"ECO       ","EffTDINOF "
"ECO       ","EffTDINOM "
"ECO       ","EffTPHAEO "
"ECO       ","EffTULVAS "
"ECO       ","EffTULVAF "
"ECO       ","EffTNODUL "
"ECO       ","EffTANABA "
"ECO       ","EffTALG01 "
"ECO       ","EffTALG02 "
"ECO       ","EffTALG03 "
"ECO       ","EffTALG04 "
"ECO       ","EffTALG05 "
"ECO       ","EffTALG06 "
"ECO       ","EffTALG07 "
"ECO       ","EffTALG08 "
"ECO       ","EffTALG09 "
"ECO       ","EffTALG10 "
"ECO       ","EffTALG11 "
"ECO       ","EffTALG12 "
"ECO       ","EffTALG13 "
"ECO       ","EffTALG14 "
"ECO       ","EffTALG15 "
"ECO       ","EffTALG16 "
"ECO       ","EffTALG17 "
"ECO       ","EffTALG18 "
"ECO       ","EffTALG19 "
"ECO       ","EffTALG20 "
"ECO       ","EffTALG21 "
"ECO       ","EffTALG22 "
"ECO       ","EffTALG23 "
"ECO       ","EffTALG24 "
"ECO       ","EffTALG25 "
"ECO       ","EffTALG26 "
"ECO       ","EffTALG27 "
"ECO       ","EffTALG28 "
"ECO       ","EffTALG30 "
"ECO       ","EffTALG29 "
"ECO       ","S1_PC1    "
"ECO       ","S1_PC2    "
"ECO       ","S1_PC3    "
"ECO       ","S1_PC4    "
"ECO       ","S1_PN1    "
"ECO       ","S1_PN2    "
"ECO       ","S1_PN3    "
"ECO       ","S1_PN4    "
"ECO       ","S1_PP1    "
"ECO       ","S1_PP2    "
"ECO       ","S1_PP3    "
"ECO       ","S1_PP4    "
"ECO       ","S1_PS1    "
"ECO       ","S1_PS2    "
"ECO       ","S1_PS3    "
"ECO       ","S1_PS4    "
"ECO       ","S1_FeIId  "
"ECO       ","S1_FeIIIpa"
"ECO       ","S1_POC1   "
"ECO       ","S1_POC2   "
"ECO       ","S1_POC3   "
"ECO       ","S1_POC4   "
"ECO       ","S1_PON1   "
"ECO       ","S1_PON2   "
"ECO       ","S1_PON3   "
"ECO       ","S1_PON4   "
"ECO       ","S1_POP1   "
"ECO       ","S1_POP2   "
"ECO       ","S1_POP3   "
"ECO       ","S1_POP4   "
"ECO       ","S1_POS1   "
"ECO       ","S1_POS2   "
"ECO       ","S1_POS3   "
"ECO       ","S1_POS4   "
"ECO       ","ncmSi_2   "
"ECO       ","OONS3     "
"ECO       ","OOPS3     "
"ECO       ","WaterAge  "
"WAQ       ","Continuity"
"WAQ       ","ModTemp   "
"WAQ       ","FrCon     "
"WAQ       ","FrFlow    "
"WAQ       ","SalBnd    "
"WAQ       ","OXY       "
"WAQ       ","Salinity  "
"WAQ       ","Cl        "
"WAQ       ","IM1       "
"WAQ       ","IM2       "
"WAQ       ","IM3       "
"WAQ       ","Cd        "
"WAQ       ","Cu        "
"WAQ       ","Zn        "
"WAQ       ","Cr        "
"WAQ       ","Hg        "
"WAQ       ","Pb        "
"WAQ       ","As        "
"WAQ       ","Va        "
"WAQ       ","Ni        "
"WAQ       ","Green     "
"WAQ       ","Diat      "
"WAQ       ","NO3       "
"WAQ       ","NH4       "
"WAQ       ","DetN      "
"WAQ       ","PO4       "
"WAQ       ","AAP       "
"WAQ       ","DetP      "
"WAQ       ","Si        "
"WAQ       ","DetSi     "
"WAQ       ","TColi     "
"WAQ       ","EColi     "
"WAQ       ","FColi     "
"WAQ       ","EnCoc     "
"WAQ       ","153       "
"WAQ       ","ATR       "
"WAQ       ","BaP       "
"WAQ       ","Flu       "
"WAQ       ","Mef       "
"WAQ       ","Diu       "
"WAQ       ","HCH       "
"WAQ       ","HCB       "
"WAQ       ","cTR1      "
"WAQ       ","dTR1      "
"WAQ       ","cTR2      "
"WAQ       ","dTR2      "
"WAQ       ","cTR3      "
"WAQ       ","dTR3      "
"WAQ       ","cTR4      "
"WAQ       ","dTR4      "
"WAQ       ","cTR5      "
"WAQ       ","dTR5      "
"WAQ       ","TIC       "
"WAQ       ","CBOD5     "
"WAQ       ","CBOD5_2   "
"WAQ       ","CBOD5_3   "
"WAQ       ","CBODu     "
"WAQ       ","CBODu_2   "
"WAQ       ","COD_Cr    "
"WAQ       ","COD_Mn    "
"WAQ       ","NBOD5     "
"WAQ       ","NBODu     "
"WAQ       ","POC1      "
"WAQ       ","POC2      "
"WAQ       ","POC3      "
"WAQ       ","POC4      "
"WAQ       ","DOC       "
"WAQ       ","PON1      "
"WAQ       ","PON2      "
"WAQ       ","PON3      "
"WAQ       ","PON4      "
"WAQ       ","DON       "
"WAQ       ","POP1      "
"WAQ       ","POP2      "
"WAQ       ","POP3      "
"WAQ       ","POP4      "
"WAQ       ","DOP       "
"WAQ       ","POS1      "
"WAQ       ","POS2      "
"WAQ       ","POS3      "
"WAQ       ","POS4      "
"WAQ       ","DOS       "
"WAQ       ","Opal      "
"WAQ       ","MPB1peli  "
"WAQ       ","MPB2psam  "
"WAQ       ","OMP       "
"WAQ       ","SO4       "
"WAQ       ","SUD       "
"WAQ       ","SUP       "
"WAQ       ","VIVP      "
"WAQ       ","APATP     "
"WAQ       ","CH4       "
"WAQ       ","Alka      "
"WAQ       ","FeIIIpa   "
"WAQ       ","FeIIIpc   "
"WAQ       ","FeIIId    "
"WAQ       ","FeIId     "
"WAQ       ","FeS       "
"WAQ       ","FeS2      "
"WAQ       ","FeCO3     "
"WAQ       ","IM1S1     "
"WAQ       ","IM2S1     "
"WAQ       ","IM3S1     "
"WAQ       ","OOCS1     "
"WAQ       ","IM1S2     "
"WAQ       ","IM2S2     "
"WAQ       ","IM3S2     "
"WAQ       ","OOCS2     "
"WAQ       ","DetCS1    "
"WAQ       ","DiatS1    "
"WAQ       ","GreenS1   "
"WAQ       ","AAPS1     "
"WAQ       ","DetNS1    "
"WAQ       ","DetPS1    "
"WAQ       ","DetSiS1   "
"WAQ       ","OONS1     "
"WAQ       ","OOPS1     "
"WAQ       ","OOSiS1    "
"WAQ       ","MPB1peliS1"
"WAQ       ","MPB2psamS1"
"WAQ       ","DetCS2    "
"WAQ       ","DiatS2    "
"WAQ       ","GreenS2   "
"WAQ       ","AAPS2     "
"WAQ       ","DetNS2    "
"WAQ       ","DetPS2    "
"WAQ       ","DetSiS2   "
"WAQ       ","OONS2     "
"WAQ       ","OOPS2     "
"WAQ       ","OOSiS2    "
"WAQ       ","MPB1peliS2"
"WAQ       ","MPB2psamS2"
"WAQ       ","POC5      "
"WAQ       ","PON5      "
"WAQ       ","POP5      "
"WAQ       ","POS5      "
"WAQ       ","SOD       "
"WAQ       ","Cd-Dis    "
"WAQ       ","Cd-Par    "
"WAQ       ","Cr-Dis    "
"WAQ       ","Cr-Par    "
"WAQ       ","Cu-Dis    "
"WAQ       ","Cu-Par    "
"WAQ       ","Hg-Dis    "
"WAQ       ","Hg-Par    "
"WAQ       ","Ni-Dis    "
"WAQ       ","Ni-Par    "
"WAQ       ","Pb-Dis    "
"WAQ       ","Pb-Par    "
"WAQ       ","As-Dis    "
"WAQ       ","As-Par    "
"WAQ       ","Va-Dis    "
"WAQ       ","Va-Par    "
"WAQ       ","Zn-Dis    "
"WAQ       ","Zn-Par    "
"WAQ       ","CdS1      "
"WAQ       ","CdS1-Dis  "
"WAQ       ","CdS1-Par  "
"WAQ       ","CrS1      "
"WAQ       ","CrS1-Dis  "
"WAQ       ","CrS1-Par  "
"WAQ       ","CuS1      "
"WAQ       ","CuS1-Dis  "
"WAQ       ","CuS1-Par  "
"WAQ       ","HgS1      "
"WAQ       ","HgS1-Dis  "
"WAQ       ","HgS1-Par  "
"WAQ       ","NiS1      "
"WAQ       ","NiS1-Dis  "
"WAQ       ","NiS1-Par  "
"WAQ       ","PbS1      "
"WAQ       ","PbS1-Dis  "
"WAQ       ","PbS1-Par  "
"WAQ       ","AsS1      "
"WAQ       ","AsS1-Dis  "
"WAQ       ","AsS1-Par  "
"WAQ       ","VaS1      "
"WAQ       ","VaS1-Dis  "
"WAQ       ","VaS1-Par  "
"WAQ       ","ZnS1      "
"WAQ       ","ZnS1-Dis  "
"WAQ       ","ZnS1-Par  "
"WAQ       ","CdS2      "
"WAQ       ","CdS2-Dis  "
"WAQ       ","CdS2-Par  "
"WAQ       ","CrS2      "
"WAQ       ","CrS2-Dis  "
"WAQ       ","CrS2-Par  "
"WAQ       ","CuS2      "
"WAQ       ","CuS2-Dis  "
"WAQ       ","CuS2-Par  "
"WAQ       ","HgS2      "
"WAQ       ","HgS2-Dis  "
"WAQ       ","HgS2-Par  "
"WAQ       ","NiS2      "
"WAQ       ","NiS2-Dis  "
"WAQ       ","NiS2-Par  "
"WAQ       ","PbS2      "
"WAQ       ","PbS2-Dis  "
"WAQ       ","PbS2-Par  "
"WAQ       ","AsS2      "
"WAQ       ","AsS2-Dis  "
"WAQ       ","AsS2-Par  "
"WAQ       ","VaS2      "
"WAQ       ","VaS2-Dis  "
"WAQ       ","VaS2-Par  "
"WAQ       ","ZnS2      "
"WAQ       ","ZnS2-Dis  "
"WAQ       ","ZnS2-Par  "
"WAQ       ","153S1     "
"WAQ       ","153S1-Dis "
"WAQ       ","153S1-Par "
"WAQ       ","AtrS1     "
"WAQ       ","AtrS1-Dis "
"WAQ       ","AtrS1-Par "
"WAQ       ","BaPS1     "
"WAQ       ","BaPS1-Dis "
"WAQ       ","BaPS1-Par "
"WAQ       ","DiuS1     "
"WAQ       ","DiuS1-Dis "
"WAQ       ","DiuS1-Par "
"WAQ       ","FluS1     "
"WAQ       ","FluS1-Dis "
"WAQ       ","FluS1-Par "
"WAQ       ","HCBS1     "
"WAQ       ","HCBS1-Dis "
"WAQ       ","HCBS1-Par "
"WAQ       ","HCHS1     "
"WAQ       ","HCHS1-Dis "
"WAQ       ","HCHS1-Par "
"WAQ       ","MefS1     "
"WAQ       ","MefS1-Dis "
"WAQ       ","MefS1-Par "
"WAQ       ","153S2     "
"WAQ       ","153S2-Dis "
"WAQ       ","153S2-Par "
"WAQ       ","AtrS2     "
"WAQ       ","AtrS2-Dis "
"WAQ       ","AtrS2-Par "
"WAQ       ","BaPS2     "
"WAQ       ","BaPS2-Dis "
"WAQ       ","BaPS2-Par "
"WAQ       ","DiuS2     "
"WAQ       ","DiuS2-Dis "
"WAQ       ","DiuS2-Par "
"WAQ       ","FluS2     "
"WAQ       ","FluS2-Dis "
"WAQ       ","FluS2-Par "
"WAQ       ","HCBS2     "
"WAQ       ","HCBS2-Dis "
"WAQ       ","HCBS2-Par "
"WAQ       ","HCHS2     "
"WAQ       ","HCHS2-Dis "
"WAQ       ","HCHS2-Par "
"WAQ       ","MefS2     "
"WAQ       ","MefS2-Dis "
"WAQ       ","MefS2-Par "
"WAQ       ","153-dis   "
"WAQ       ","153-par   "
"WAQ       ","Atr-dis   "
"WAQ       ","Atr-par   "
"WAQ       ","BaP-dis   "
"WAQ       ","BaP-par   "
"WAQ       ","Diu-dis   "
"WAQ       ","Diu-par   "
"WAQ       ","Flu-dis   "
"WAQ       ","Flu-par   "
"WAQ       ","HCB-dis   "
"WAQ       ","HCB-par   "
"WAQ       ","HCH-dis   "
"WAQ       ","HCH-par   "
"WAQ       ","Mef-dis   "
"WAQ       ","Mef-par   "
"WAQ       ","OMPS1     "
"WAQ       ","OMPS1-Dis "
"WAQ       ","OMPS1-Par "
"WAQ       ","OMPS2     "
"WAQ       ","OMPS2-Dis "
"WAQ       ","OMPS2-Par "
"WAQ       ","OMP-dis   "
"WAQ       ","OMP-par   "
"WAQ       ","VB01      "
"WAQ       ","VB02      "
"WAQ       ","VB03      "
"WAQ       ","VB04      "
"WAQ       ","VB05      "
"WAQ       ","VB06      "
"WAQ       ","VB07      "
"WAQ       ","VB08      "
"WAQ       ","VB09      "
"WAQ       ","EM01      "
"WAQ       ","EM02      "
"WAQ       ","EM03      "
"WAQ       ","EM04      "
"WAQ       ","EM05      "
"WAQ       ","SM01      "
"WAQ       ","SM02      "
"WAQ       ","SM03      "
"WAQ       ","SM04      "
"WAQ       ","SM05      "
"WAQ       ","RH01      "
"WAQ       ","NRH01     "
"WAQ       ","PRH01     "
"WAQ       ","RH02      "
"WAQ       ","NRH02     "
"WAQ       ","PRH02     "
"WAQ       ","RH03      "
"WAQ       ","NRH03     "
"WAQ       ","PRH03     "
"WAQ       ","RH04      "
"WAQ       ","NRH04     "
"WAQ       ","PRH04     "
"WAQ       ","RH05      "
"WAQ       ","NRH05     "
"WAQ       ","PRH05     "
"WAQ       ","Mussel_V  "
"WAQ       ","Mussel_E  "
"WAQ       ","Mussel_R  "
"WAQ       ","Mussel_N  "
"WAQ       ","Zoopl_V   "
"WAQ       ","Zoopl_E   "
"WAQ       ","Zoopl_R   "
"WAQ       ","Zoopl_N   "
"WAQ       ","Grazer3_V "
"WAQ       ","Grazer3_E "
"WAQ       ","Grazer3_R "
"WAQ       ","Grazer3_N "
"WAQ       ","Grazer4_V "
"WAQ       ","Grazer4_E "
"WAQ       ","Grazer4_R "
"WAQ       ","Grazer4_N "
"WAQ       ","Grazer5_V "
"WAQ       ","Grazer5_E "
"WAQ       ","Grazer5_R "
"WAQ       ","Grazer5_N "
"WAQ       ","Cascade1  "
"WAQ       ","Cascade2  "
"WAQ       ","Cascade3  "
"WAQ       ","Cascade4  "
"WAQ       ","Cascade5  "
"WAQ       ","S1_PC1    "
"WAQ       ","S1_PC2    "
"WAQ       ","S1_PC3    "
"WAQ       ","S1_PC4    "
"WAQ       ","S1_PN1    "
"WAQ       ","S1_PN2    "
"WAQ       ","S1_PN3    "
"WAQ       ","S1_PN4    "
"WAQ       ","S1_PP1    "
"WAQ       ","S1_PP2    "
"WAQ       ","S1_PP3    "
"WAQ       ","S1_PP4    "
"WAQ       ","S1_PS1    "
"WAQ       ","S1_PS2    "
"WAQ       ","S1_PS3    "
"WAQ       ","S1_PS4    "
"WAQ       ","S1_FeIId  "
"WAQ       ","S1_FeIIIpa"
"WAQ       ","S1_POC1   "
"WAQ       ","S1_POC2   "
"WAQ       ","S1_POC3   "
"WAQ       ","S1_POC4   "
"WAQ       ","S1_PON1   "
"WAQ       ","S1_PON2   "
"WAQ       ","S1_PON3   "
"WAQ       ","S1_PON4   "
"WAQ       ","S1_POP1   "
"WAQ       ","S1_POP2   "
"WAQ       ","S1_POP3   "
"WAQ       ","S1_POP4   "
"WAQ       ","S1_POS1   "
"WAQ       ","S1_POS2   "
"WAQ       ","S1_POS3   "
"WAQ       ","S1_POS4   "
"WAQ       ","ncmSi_2   "
"WAQ       ","OONS3     "
"WAQ       ","OOPS3     "
"WAQ       ","WaterAge  "
"DummyConfg","ncmSi_2   "
"DummyConfg","OONS3     "
"DummyConfg","OOPS3     "
"DummyConfg","M_SMOtot  "
"DummyConfg","M_SMItot  "
"DummyConfg","Z_SMOtot  "
"DummyConfg","Z_SMItot  "
"DummyConfg","G3_SMOtot "
"DummyConfg","G3_SMItot "
"DummyConfg","G4_SMOtot "
"DummyConfg","G4_SMItot "
"DummyConfg","G5_SMOtot "
"DummyConfg","G5_SMItot "
"DummyConfg","ncmSi_2   "
"DummyConfg","OONS3     "
"DummyConfg","OOPS3     "
"DummyConfg","M_SMOtot  "
"DummyConfg","M_SMItot  "
"DummyConfg","Z_SMOtot  "
"DummyConfg","Z_SMItot  "
"DummyConfg","G3_SMOtot "
"DummyConfg","G3_SMItot "
"DummyConfg","G4_SMOtot "
"DummyConfg","G4_SMItot "
"DummyConfg","G5_SMOtot "
"DummyConfg","G5_SMItot "
"DummyConfg","ncmSi_2   "
"DummyConfg","OONS3     "
"DummyConfg","OOPS3     "
"DummyConfg","M_SMOtot  "
"DummyConfg","M_SMItot  "
"DummyConfg","Z_SMOtot  "
"DummyConfg","Z_SMItot  "
"DummyConfg","G3_SMOtot "
"DummyConfg","G3_SMItot "
"DummyConfg","G4_SMOtot "
"DummyConfg","G4_SMItot "
"DummyConfg","G5_SMOtot "
"DummyConfg","G5_SMItot "
