veloit,velosu,velosc
"VxSedIm1  ","IM1       ",   1.00000
"VxSedIM2  ","IM2       ",   1.00000
"VxSedIM3  ","IM3       ",   1.00000
"VxSedDiat ","Diat      ",   1.00000
"VxSedGreen","Green     ",   1.00000
"VxSedAlg01","BLOOMALG01",   1.00000
"VxSedAlg02","BLOOMALG02",   1.00000
"VxSedAlg03","BLOOMALG03",   1.00000
"VxSedAlg04","BLOOMALG04",   1.00000
"VxSedAlg05","BLOOMALG05",   1.00000
"VxSedAlg06","BLOOMALG06",   1.00000
"VxSedAlg07","BLOOMALG07",   1.00000
"VxSedAlg08","BLOOMALG08",   1.00000
"VxSedAlg09","BLOOMALG09",   1.00000
"VxSedAlg10","BLOOMALG10",   1.00000
"VxSedAlg11","BLOOMALG11",   1.00000
"VxSedAlg12","BLOOMALG12",   1.00000
"VxSedAlg13","BLOOMALG13",   1.00000
"VxSedAlg14","BLOOMALG14",   1.00000
"VxSedAlg15","BLOOMALG15",   1.00000
"VxSedAlg16","BLOOMALG16",   1.00000
"VxSedAlg17","BLOOMALG17",   1.00000
"VxSedAlg18","BLOOMALG18",   1.00000
"VxSedAlg19","BLOOMALG19",   1.00000
"VxSedAlg20","BLOOMALG20",   1.00000
"VxSedAlg21","BLOOMALG21",   1.00000
"VxSedAlg22","BLOOMALG22",   1.00000
"VxSedAlg23","BLOOMALG23",   1.00000
"VxSedAlg24","BLOOMALG24",   1.00000
"VxSedAlg25","BLOOMALG25",   1.00000
"VxSedAlg26","BLOOMALG26",   1.00000
"VxSedAlg27","BLOOMALG27",   1.00000
"VxSedAlg28","BLOOMALG28",   1.00000
"VxSedAlg29","BLOOMALG29",   1.00000
"VxSedAlg30","BLOOMALG30",   1.00000
"VxSedBOD5 ","CBOD5     ",   1.00000
"VxSedBOD52","CBOD5_2   ",   1.00000
"VxSedBOD53","CBOD5_3   ",   1.00000
"VxSedBODu ","CBODu     ",   1.00000
"VxSedBODu2","CBODu_2   ",   1.00000
"VxSedCODCr","COD_Cr    ",   1.00000
"VxSedCODMn","COD_Mn    ",   1.00000
"VxSedNBOD5","NBOD5     ",   1.00000
"VxSedNBODu","NBODu     ",   1.00000
"VxSedMPB1 ","MPB1peli  ",   1.00000
"VxSedMPB2 ","MPB2psam  ",   1.00000
"VxSedOpal ","Opal      ",   1.00000
"VxSedPOC1 ","POC1      ",   1.00000
"VxSedPOC1 ","PON1      ",   1.00000
"VxSedPOC1 ","POP1      ",   1.00000
"VxSedPOC2 ","POC2      ",   1.00000
"VxSedPOC2 ","PON2      ",   1.00000
"VxSedPOC2 ","POP2      ",   1.00000
"VxSedPOC3 ","POC3      ",   1.00000
"VxSedPOC3 ","PON3      ",   1.00000
"VxSedPOC3 ","POP3      ",   1.00000
"VxSedPOC4 ","POC4      ",   1.00000
"VxSedPOC4 ","PON4      ",   1.00000
"VxSedPOC4 ","POP4      ",   1.00000
"VxSedPOC5 ","POC5      ",   1.00000
"VxSedPOC5 ","PON5      ",   1.00000
"VxSedPOC5 ","POP5      ",   1.00000
"VxSedVIVP ","VIVP      ",   1.00000
"VxSedAPAT ","APATP     ",   1.00000
"VxSedFe3pa","FeIIIpa   ",   1.00000
"VxSedFe3pc","FeIIIpc   ",   1.00000
"VxSedFeS  ","FeS       ",   1.00000
"VxSedFeS2 ","FeS2      ",   1.00000
"VxSedFeCO3","FeCO3     ",   1.00000
"VxSedAAP  ","AAP       ",   1.00000
"VxSedCAAP ","AAP       ",   1.00000
"VxResVol  ","Bulkvolume",   1.00000
"VxSedVol  ","Bulkvolume",   1.00000
"VxBurVol  ","Bulkvolume",   1.00000
"VxSepVol  ","Bulkvolume",   1.00000
"VxUpwIM1  ","IM1       ",   1.00000
"VxDownIM1 ","IM1       ",   1.00000
"VxUpwOXY  ","OXY       ",   1.00000
"VxDownOXY ","OXY       ",   1.00000
"VxUpwBaP  ","BaP       ",   1.00000
"VxDownBaP ","BaP       ",   1.00000
"VxUpwPOC1 ","POC1      ",   1.00000
"VxDownPOC1","POC1      ",   1.00000
"VxUpwPOC2 ","POC2      ",   1.00000
"VxDownPOC2","POC2      ",   1.00000
"VxUpwPOC3 ","POC3      ",   1.00000
"VxDownPOC3","POC3      ",   1.00000
"VxUpwPON1 ","PON1      ",   1.00000
"VxDownPON1","PON1      ",   1.00000
"VxUpwPON2 ","PON2      ",   1.00000
"VxDownPON2","PON2      ",   1.00000
"VxUpwPON3 ","PON3      ",   1.00000
"VxDownPON3","PON3      ",   1.00000
"VxUpwPOP1 ","POP1      ",   1.00000
"VxDownPOP1","POP1      ",   1.00000
"VxUpwPOP2 ","POP2      ",   1.00000
"VxDownPOP2","POP2      ",   1.00000
"VxUpwPOP3 ","POP3      ",   1.00000
"VxDownPOP3","POP3      ",   1.00000
"VxUpwPOC4 ","POC4      ",   1.00000
"VxDownPOC4","POC4      ",   1.00000
"VxUpwPON4 ","PON4      ",   1.00000
"VxDownPON4","PON4      ",   1.00000
"VxUpwPOP4 ","POP4      ",   1.00000
"VxDownPOP4","POP4      ",   1.00000
"VxUpwPOS1 ","POS1      ",   1.00000
"VxDownPOS1","POS1      ",   1.00000
"VxUpwPOS2 ","POS2      ",   1.00000
"VxDownPOS2","POS2      ",   1.00000
"VxUpwPOS3 ","POS3      ",   1.00000
"VxDownPOS3","POS3      ",   1.00000
"VxUpwPOS4 ","POS4      ",   1.00000
"VxDownPOS4","POS4      ",   1.00000
"VxUpwDOC  ","DOC       ",   1.00000
"VxDownDOC ","DOC       ",   1.00000
"VxUpwDON  ","DON       ",   1.00000
"VxDownDON ","DON       ",   1.00000
"VxUpwDOP  ","DOP       ",   1.00000
"VxDownDOP ","DOP       ",   1.00000
"VxUpwDOS  ","DOS       ",   1.00000
"VxDownDOS ","DOS       ",   1.00000
"VxUpwNH4  ","NH4       ",   1.00000
"VxDownNH4 ","NH4       ",   1.00000
"VxUpwPO4  ","PO4       ",   1.00000
"VxDownPO4 ","PO4       ",   1.00000
"VxUpwNO3  ","NO3       ",   1.00000
"VxDownNO3 ","NO3       ",   1.00000
"VxUpwSO4  ","SO4       ",   1.00000
"VxDownSO4 ","SO4       ",   1.00000
"VxUpwCH4  ","CH4       ",   1.00000
"VxDownCH4 ","CH4       ",   1.00000
"VxUpwSUD  ","SUD       ",   1.00000
"VxDownSUD ","SUD       ",   1.00000
"VxUpwSUP  ","SUP       ",   1.00000
"VxDownSUP ","SUP       ",   1.00000
"VxUpwIM2  ","IM2       ",   1.00000
"VxDownIM2 ","IM2       ",   1.00000
"VxUpwIM3  ","IM3       ",   1.00000
"VxDownIM3 ","IM3       ",   1.00000
"VxUpwCl   ","Cl        ",   1.00000
"VxDownCl  ","Cl        ",   1.00000
"VxUpwSal  ","Salinity  ",   1.00000
"VxDownSal ","Salinity  ",   1.00000
"VxUpwAAP  ","AAP       ",   1.00000
"VxDownAAP ","AAP       ",   1.00000
"VxUpwSi   ","Si        ",   1.00000
"VxDownSi  ","Si        ",   1.00000
"VxUpwVIVP ","VIVP      ",   1.00000
"VxDownVIVP","VIVP      ",   1.00000
"VxUpwAPATP","APATP     ",   1.00000
"VxDownAPAT","APATP     ",   1.00000
"VxUpwFe3pa","FeIIIpa   ",   1.00000
"VxDwnFe3pa","FeIIIpa   ",   1.00000
"VxUpwFe3pc","FeIIIpc   ",   1.00000
"VxDwnFe3pc","FeIIIpc   ",   1.00000
"VxUpwFe3d ","FeIIId    ",   1.00000
"VxDwnFe3d ","FeIIId    ",   1.00000
"VxUpwFe2d ","FeIId     ",   1.00000
"VxDwnFe2d ","FeIId     ",   1.00000
"VxUpwFeS  ","FeS       ",   1.00000
"VxDwnFeS  ","FeS       ",   1.00000
"VxUpwFeS2 ","FeS2      ",   1.00000
"VxDwnFeS2 ","FeS2      ",   1.00000
"VxUpwFeCO3","FeCO3     ",   1.00000
"VxDwnFeCO3","FeCO3     ",   1.00000
"VxUpwOpal ","Opal      ",   1.00000
"VxDownOpal","Opal      ",   1.00000
"VxUpwTIC  ","TIC       ",   1.00000
"VxDownTIC ","TIC       ",   1.00000
"VxUpwAlka ","Alka      ",   1.00000
"VxDownAlka","ALka      ",   1.00000
"VxUpwMPB1 ","MPB1peli  ",   1.00000
"VxDownMPB1","MPB1peli  ",   1.00000
"VxUpwMPB2 ","MPB2psam  ",   1.00000
"VxDownMPB2","MPB2psam  ",   1.00000
"VxUpwAlg01","BLOOMAlg01",   1.00000
"VxDwnAlg01","BLOOMAlg01",   1.00000
"VxUpwAlg02","BLOOMAlg02",   1.00000
"VxDwnAlg02","BLOOMAlg02",   1.00000
"VxUpwAlg03","BLOOMAlg03",   1.00000
"VxDwnAlg03","BLOOMAlg03",   1.00000
"VxUpwAlg04","BLOOMAlg04",   1.00000
"VxDwnAlg04","BLOOMAlg04",   1.00000
"VxUpwAlg05","BLOOMAlg05",   1.00000
"VxDwnAlg05","BLOOMAlg05",   1.00000
"VxUpwAlg06","BLOOMAlg06",   1.00000
"VxDwnAlg06","BLOOMAlg06",   1.00000
"VxUpwAlg07","BLOOMAlg07",   1.00000
"VxDwnAlg07","BLOOMAlg07",   1.00000
"VxUpwAlg08","BLOOMAlg08",   1.00000
"VxDwnAlg08","BLOOMAlg08",   1.00000
"VxUpwAlg09","BLOOMAlg09",   1.00000
"VxDwnAlg09","BLOOMAlg09",   1.00000
"VxUpwAlg10","BLOOMAlg10",   1.00000
"VxDwnAlg10","BLOOMAlg10",   1.00000
"VxUpwAlg11","BLOOMAlg11",   1.00000
"VxDwnAlg11","BLOOMAlg11",   1.00000
"VxUpwAlg12","BLOOMAlg12",   1.00000
"VxDwnAlg12","BLOOMAlg12",   1.00000
"VxUpwAlg13","BLOOMAlg13",   1.00000
"VxDwnAlg13","BLOOMAlg13",   1.00000
"VxUpwAlg14","BLOOMAlg14",   1.00000
"VxDwnAlg14","BLOOMAlg14",   1.00000
"VxUpwAlg15","BLOOMAlg15",   1.00000
"VxDwnAlg15","BLOOMAlg15",   1.00000
"VxUpwAlg16","BLOOMAlg16",   1.00000
"VxDwnAlg16","BLOOMAlg16",   1.00000
"VxUpwAlg17","BLOOMAlg17",   1.00000
"VxDwnAlg17","BLOOMAlg17",   1.00000
"VxUpwAlg18","BLOOMAlg18",   1.00000
"VxDwnAlg18","BLOOMAlg18",   1.00000
"VxUpwAlg19","BLOOMAlg19",   1.00000
"VxDwnAlg19","BLOOMAlg19",   1.00000
"VxUpwAlg20","BLOOMAlg20",   1.00000
"VxDwnAlg20","BLOOMAlg20",   1.00000
"VxUpwAlg21","BLOOMAlg21",   1.00000
"VxDwnAlg21","BLOOMAlg21",   1.00000
"VxUpwAlg22","BLOOMAlg22",   1.00000
"VxDwnAlg22","BLOOMAlg22",   1.00000
"VxUpwAlg23","BLOOMAlg23",   1.00000
"VxDwnAlg23","BLOOMAlg23",   1.00000
"VxUpwAlg24","BLOOMAlg24",   1.00000
"VxDwnAlg24","BLOOMAlg24",   1.00000
"VxUpwAlg25","BLOOMAlg25",   1.00000
"VxDwnAlg25","BLOOMAlg25",   1.00000
"VxUpwAlg26","BLOOMAlg26",   1.00000
"VxDwnAlg26","BLOOMAlg26",   1.00000
"VxUpwAlg27","BLOOMAlg27",   1.00000
"VxDwnAlg27","BLOOMAlg27",   1.00000
"VxUpwAlg28","BLOOMAlg28",   1.00000
"VxDwnAlg28","BLOOMAlg28",   1.00000
"VxUpwAlg29","BLOOMAlg29",   1.00000
"VxDwnAlg29","BLOOMAlg29",   1.00000
"VxUpwAlg30","BLOOMAlg30",   1.00000
"VxDwnAlg30","BLOOMAlg30",   1.00000
"VxGrzPOC1 ","POC1      ",   1.00000
"VxGrzPON1 ","PON1      ",   1.00000
"VxGrzPOP1 ","POP1      ",   1.00000
"VxGrzPOSi1","Opal      ",   1.00000
"VxSedCd   ","Cd        ",   1.00000
"VxSedCd   ","Cd-par    ",   1.00000
"VxSedCu   ","Cu        ",   1.00000
"VxSedCu   ","Cu-par    ",   1.00000
"VxSedZn   ","Zn        ",   1.00000
"VxSedZn   ","Zn-par    ",   1.00000
"VxSedHg   ","Hg        ",   1.00000
"VxSedHg   ","Hg-par    ",   1.00000
"VxSedNi   ","Ni        ",   1.00000
"VxSedNi   ","Ni-par    ",   1.00000
"VxSedPb   ","Pb        ",   1.00000
"VxSedPb   ","Pb-par    ",   1.00000
"VxSedCr   ","Cr        ",   1.00000
"VxSedCr   ","Cr-par    ",   1.00000
"VxSedAs   ","As        ",   1.00000
"VxSedAs   ","As-par    ",   1.00000
"VxSedVa   ","Va        ",   1.00000
"VxSedVa   ","Va-par    ",   1.00000
"VxSed153  ","153       ",   1.00000
"VxSed153  ","153-par   ",   1.00000
"VxSedHCB  ","HCB       ",   1.00000
"VxSedHCB  ","HCB-par   ",   1.00000
"VxSedHCH  ","HCH       ",   1.00000
"VxSedHCH  ","HCH-par   ",   1.00000
"VxSedFlu  ","Flu       ",   1.00000
"VxSedFlu  ","Flu-par   ",   1.00000
"VxSedBap  ","Bap       ",   1.00000
"VxSedBap  ","Bap-par   ",   1.00000
"VxSedAtr  ","Atr       ",   1.00000
"VxSedAtr  ","Atr-par   ",   1.00000
"VxSedMef  ","Mef       ",   1.00000
"VxSedMef  ","Mef-par   ",   1.00000
"VxSedDiu  ","Diu       ",   1.00000
"VxSedDiu  ","Diu-par   ",   1.00000
"VxSedOMP  ","OMP       ",   1.00000
"VxSedOMP  ","OMP-par   ",   1.00000
"VxUpwOMP  ","OMP       ",   1.00000
"VxDownOMP ","OMP       ",   1.00000
"VxSedVir1 ","Virus1    ",   1.00000
"VxSedVir1 ","Virus1-par",   1.00000
"VxSedVir2 ","Virus2    ",   1.00000
"VxSedVir2 ","Virus2-par",   1.00000
"VxSedVir3 ","Virus3    ",   1.00000
"VxSedVir3 ","Virus3-par",   1.00000
"VxSedTRWP1","Tyre1     ",   1.00000
"VxSedTRWP2","Tyre2     ",   1.00000
"VxSedTRWP3","Tyre3     ",   1.00000
"VxSedTRWP4","Tyre4     ",   1.00000
"VxSedTAg11","TyreAgg11 ",   1.00000
"VxSedTAg12","TyreAgg12 ",   1.00000
"VxSedTAg13","TyreAgg13 ",   1.00000
"VxSedTAg21","TyreAgg21 ",   1.00000
"VxSedTAg22","TyreAgg22 ",   1.00000
"VxSedTAg23","TyreAgg23 ",   1.00000
"VxSedTAg31","TyreAgg31 ",   1.00000
"VxSedTAg32","TyreAgg32 ",   1.00000
"VxSedTAg33","TyreAgg33 ",   1.00000
"VxSedTAg41","TyreAgg41 ",   1.00000
"VxSedTAg42","TyreAgg42 ",   1.00000
"VxSedTAg43","TyreAgg43 ",   1.00000
"VxSedDia_1","diatC_1   ",   1.00000
"VxSedDia_1","diatChl_1 ",   1.00000
"VxSedDia_1","diatN_1   ",   1.00000
"VxSedDia_1","diatP_1   ",   1.00000
"VxSedDia_1","diatSi_1  ",   1.00000
"VxSedDia_2","diatC_2   ",   1.00000
"VxSedDia_2","diatChl_2 ",   1.00000
"VxSedDia_2","diatN_2   ",   1.00000
"VxSedDia_2","diatP_2   ",   1.00000
"VxSedDia_2","diatSi_2  ",   1.00000
